업소명,소재지도로명,소재지지번,영업장면적(㎡),행정동명,영업장객실면적(㎡),영업장기타면적(㎡),업소내화장실면적(㎡)
베이커스 퍼센트(Bakers percent),"서울특별시 종로구 필운대로2길 3, 1층 (누하동)",누하동,,청운효자동,,,
카페인중독 양재점,"서울특별시 서초구 동산로6길 20, 1층 (양재동)",양재동,,양재제2동,,29.0,
카페인중독 양재점,"서울특별시 서초구 동산로6길 20, 1층 (양재동)",양재동,,양재제2동,,29.0,
오달지당,"서울특별시 성북구 보문로31길 36, 1층 (삼선동5가)",삼선동5가,,삼선동,,30.3,
빽다방(굽은다리역점),"서울특별시 강동구 양재대로 1576, 삼익빌딩 1층 (명일동)",명일동,,명일제1동,,73.0,
카페 일마지오 서울검찰청사점,"서울특별시 서초구 반포대로 158, 서울검찰청사 2층 (서초동)",서초동,,서초제2동,,11.77,
본우리집밥 카페일마지오 서울검찰청사점,"서울특별시 서초구 반포대로 158, 서울검찰청사 2층 (서초동)",서초동,,서초제2동,,11.77,
카페 일마지오 서울검찰청사점,"서울특별시 서초구 반포대로 158, 서울검찰청사 2층 (서초동)",서초동,,서초제2동,,11.77,
본우리집밥 카페일마지오 서울검찰청사점,"서울특별시 서초구 반포대로 158, 서울검찰청사 2층 (서초동)",서초동,,서초제2동,,11.77,
다문화박물관,"서울특별시 은평구 불광로 135, 4층 (불광동)",불광동,,불광제1동,,,10.0
캔카페 양천향교점,"서울특별시 강서구 양천로49길 23, 2층 (가양동)",가양동,,가양제1동,,,
카페로뎀,"서울특별시 강동구 구천면로 420, 아름다운교회 1층 (명일동)",명일동,,명일제1동,,81.41,
메가엠지씨커피 시흥사거리점,"서울특별시 금천구 시흥대로 227, 1층 (시흥동)",시흥동,70.4,시흥제1동,0.0,0.0,0.0
심(sym);심,"서울특별시 광진구 천호대로116길 94, 101호 (능동)",능동,,능동,,,
메가엠지씨커피 성수역점,"서울특별시 성동구 아차산로 113, 1층 104호 (성수동2가)",성수동2가,,성수2가제1동,,,
famous(페이머스),"서울특별시 강동구 올림픽로62길 5-27, 1층 (성내동)",성내동,,성내제2동,,42.3,
주식회사 하프 커피 로스터스,"서울특별시 종로구 계동길 82, 1층 (계동)",계동,,가회동,,,
카페아이갓에브리씽용산구장애인커뮤니티센터점,"서울특별시 용산구 서빙고로 245, 용산구 시설관리공단 1층 (서빙고동)",서빙고동,,서빙고동,,10.96,
매너커피,"서울특별시 성동구 왕십리로4길 24, 1층 (성수동1가)",성수동1가,17.0,성수1가제1동,0.0,0.0,0.0
커피상회,"서울특별시 성동구 왕십리로4길 24, 1층 (성수동1가)",성수동1가,17.0,성수1가제1동,0.0,0.0,0.0
카페 발르오,"서울특별시 강남구 테헤란로20길 12, 양지빌딩 1층 (역삼동)",역삼동,,역삼1동,,,
카페카운티(cafe county),"서울특별시 영등포구 영등포로 143, 에이블허브 1층 102호 (당산동1가)",당산동1가,,당산제1동,,,
심포니오브,"서울특별시 서초구 사평대로18길 38, 지하1층 (반포동)",반포동,,반포본동,,93.44,
포에버(4ever),"서울특별시 광진구 자양로43길 87, 1층 (중곡동)",중곡동,,중곡제4동,,,
50플러스남부카페,"서울특별시 구로구 오류로 36-25, 50플러스 남부캠퍼스 1층 (천왕동)",천왕동,,오류제2동,,23.65,
LG전자양재R&D캠퍼스 카페그랑점,"서울특별시 서초구 바우뫼로 38, 지하1층 (우면동)",우면동,,양재제1동,,56.46,
LG전자양재R&D캠퍼스 카페그랑점,"서울특별시 서초구 바우뫼로 38, 지하1층 (우면동)",우면동,,양재제1동,,56.46,
LG전자양재R&D캠퍼스 카페그랑점,"서울특별시 서초구 바우뫼로 38, 지하1층 (우면동)",우면동,,양재제1동,,56.46,
제트커피,"서울특별시 강남구 논현로150길 39, 1층 (논현동)",논현동,,논현1동,,,
달곰발,"서울특별시 양천구 신정중앙로2길 14, MORO 1층 (신정동)",신정동,,신정4동,,65.3,
마치마치신세계영등포점,"서울특별시 영등포구 영중로 9, 신세계백화점 지하1층 (영등포동4가)",영등포동4가,,영등포동,,,
마치마치신세계타임스퀘어점,"서울특별시 영등포구 영중로 9, 신세계백화점 지하1층 (영등포동4가)",영등포동4가,,영등포동,,,
커피공방 날,"서울특별시 강동구 천호옛길 31, 103호 (성내동)",성내동,,성내제1동,,6.6,
더블에이치(Double H),"서울특별시 동대문구 왕산로 106, 1층 (용두동)",용두동,,용신동,,76.2,
카페 코네(cafe kone),"서울특별시 서초구 잠원로3길 40, 2층 202-B호 (잠원동)",잠원동,,잠원동,,38.57,
비어드파파 가산디지털점,"서울특별시 금천구 가산디지털1로 145, 에이스하이엔드타워3차 108호 (가산동)",가산동,,가산동,,,
비어드파파 가산디지털점,"서울특별시 금천구 가산디지털1로 145, 에이스하이엔드타워3차 108호 (가산동)",가산동,,가산동,,,
모먼트,"서울특별시 중랑구 면목로 485, 1층 (상봉동)",상봉동,,상봉제2동,,33.0,
뚤리(tuuli),"서울특별시 서대문구 홍제천로 198, 1층 (연희동)",연희동,,연희동,,8.76,
디저트레오,"서울특별시 강서구 공항대로49길 5-13, 1층 (등촌동)",등촌동,,등촌제1동,,,
카페인중독 미아점,"서울특별시 강북구 오패산로30길 55, 1층 (미아동)",미아동,,송중동,,,
Broom Coffee,"서울특별시 서초구 남부순환로347길 101, 1층 101호 (서초동)",서초동,,서초제2동,,135.0,
메이로즈마카롱,"서울특별시 광진구 자양로 261, 예송빌딩 1층 (구의동)",구의동,,구의제2동,,,
뉴욕솜사탕,"서울특별시 종로구 종로 51, 종로타워 지하2층 B214호 (종로2가)",종로2가,,종로1.2.3.4가동,,,
(주)커피빈코리아 하나은행을지로본점,"서울특별시 중구 을지로 35, 하나은행 을지로본점 24층 내 스마트워크센터 (을지로1가)",을지로1가,,명동,,32.88,
미래로 가자,"서울특별시 강동구 구천면로42길 47, 1층 103호 (천호동)",천호동,,천호제1동,,13.2,
월산재단,"서울특별시 구로구 신도림로 56-24, 서울성락교회 1층 (신도림동)",신도림동,,신도림동,,26.87,
메가커피 신곡시장점,"서울특별시 양천구 신월로 175, 1층 (신월동)",신월동,,신월4동,,92.73,
카페까듀,"서울특별시 영등포구 신길로 172, 1층 101호 (신길동)",신길동,,영등포본동,,,
에이미스 대청점,"서울특별시 강남구 개포로 619, 서울강남우체국 지상1층 (개포동)",개포동,,개포1동,,82.0,
코데즈컴바인(codes combine),"서울특별시 강남구 강남대로136길 64, 1층 (논현동)",논현동,,논현1동,,,
더 벤티,"서울특별시 강남구 압구정로 216, 코끼리상가 지상1층 6호 (신사동)",신사동,,신사동,,24.73,
넘버팔팔(NO.88),"서울특별시 강남구 선릉로 325, 중앙빌딩 지상1층 4호 (역삼동)",역삼동,,역삼1동,,26.28,
까페루아,"서울특별시 강서구 공항대로46길 13-7, 대명스카이 1층 101호 (화곡동, 대명스카이)",화곡동,,화곡제6동,,,
호조카페,"서울특별시 노원구 한글비석로 396, 복합상가108동 224호 (상계동, 벽산아파트)",상계동,,상계9동,,,
오름카페,"서울특별시 서대문구 연희로32길 134, 1층 (연희동)",연희동,,연희동,,,
(주)브로딩,"서울특별시 동대문구 하정로5길 5, 미영빌딩 1층 (신설동)",신설동,,용신동,,86.86,
"카페,바로","서울특별시 성동구 동일로 133, 1층 (성수동2가)",성수동2가,,성수2가제1동,,,
카페 더 갤러리,"서울특별시 양천구 중앙로 181, 복합메디컬타운 지하2층 B202-1호 (신정동)",신정동,,신정3동,,22.43,
드리탄커피,"서울특별시 광진구 자양로34길 17-3, 1층 101호 (구의동, 베아누 빌)",구의동,,구의제2동,,,
마치마치 명동점,"서울특별시 중구 명동8나길 51, 1,2,3층 (충무로1가)",충무로1가,,회현동,,96.93,
태양커피,"서울특별시 서초구 방배천로 32, 1층 103호 (방배동)",방배동,,방배제2동,,33.0,
메가엠지씨커피 염창역점,"서울특별시 강서구 공항대로 629, 1층 102(일부)호 (염창동)",염창동,,염창동,,,
으리PC방,"서울특별시 송파구 마천로41길 15, 지하1층 (마천동)",마천동,,마천1동,6.0,,
시그니처커피 2,"서울특별시 중구 퇴계로 286, 쌍림빌딩 1층 (쌍림동)",쌍림동,,광희동,,33.0,
메가엠지씨커피군자역점,"서울특별시 광진구 능동로 294, 능동빌딩 1층 (능동)",능동,,능동,,,
메가엠지씨커피군자역점,"서울특별시 광진구 능동로 294, 능동빌딩 1층 (능동)",능동,,능동,,,
플로레스타 FLORESTA,"서울특별시 강남구 개포로25길 5, 1층 (개포동)",개포동,,개포1동,,,
또다른여행,"서울특별시 강서구 마곡중앙2로 35, 이너매스마곡2 8층 809~810호 (마곡동)",마곡동,,발산제1동,,,
설레다커피테이블(seolleda coffee table),"서울특별시 도봉구 도봉로110길 55, 1층 (창동)",창동,,창제1동,,74.25,
복서커피(BOXER COFFEE),"서울특별시 광진구 뚝섬로 620, 1층 (자양동)",자양동,,자양제2동,,,
갤러리카페 나팔,"서울특별시 강서구 양천로 476, 금부빌딩 1층 (등촌동)",등촌동,,등촌제3동,,,
더 벤티(마곡수명산점),"서울특별시 강서구 수명로 78, 새롬프라자 1층 103호 (내발산동)",내발산동,,발산제1동,,,
디스커버리더블유,"서울특별시 강남구 언주로147길 36, 설봉빌딩 1층 (논현동)",논현동,,논현1동,,,
삼각지,"서울특별시 용산구 한강대로40가길 31, Y빌딩 1층 (한강로2가)",한강로2가,,한강로동,,,3.3
조커커피카페,"서울특별시 서초구 강남대로 523, 1층 (반포동)",반포동,,반포제1동,,18.0,
제2학생회관카페,"서울특별시 노원구 공릉로 232, 1층 일부 서울과학기술대학교 (공릉동)",공릉동,,공릉2동,,,
커피기타(coffeegita),"서울특별시 서대문구 통일로 161, 1층 (냉천동)",냉천동,,천연동,,,
카페베네한일병원점,"서울특별시 도봉구 우이천로 308, 한일병원 1층 (쌍문동)",쌍문동,,쌍문제3동,,42.84,
암사커피,"서울특별시 강동구 올림픽로100길 27, 1층 102호 (암사동)",암사동,,암사제1동,,23.1,
헤이피(HEyPPy),"서울특별시 동대문구 제기로2길 11, 2층 201호 (제기동)",제기동,,제기동,,88.13,
생명나무,"서울특별시 송파구 충민로4길 6, 상가동 1층 102호 (장지동, 송파파인타운8단지)",장지동,,문정2동,19.92,,
미래로 가자,"서울특별시 강동구 성내로6길 20, 104호 (성내동, 청일 베르네)",성내동,,성내제1동,,13.2,
말랑한날,"서울특별시 구로구 부일로9길 75, 1층 102호 (온수동)",온수동,,수궁동,,30.0,
말랑한날,"서울특별시 구로구 부일로9길 75, 1층 102호 (온수동)",온수동,,수궁동,,30.0,
니드카페(역삼점),"서울특별시 강남구 봉은사로26길 26, 1층 5호 (역삼동)",역삼동,,역삼1동,,,
비를긋다,"서울특별시 서대문구 북아현로11가길 18, 1층 (북아현동)",북아현동,,북아현동,,,
로쿠커피,"서울특별시 광진구 군자로15길 14, 1층 (군자동)",군자동,,군자동,,,
분씨,"서울특별시 중랑구 상봉로 7, 서일타운 1층 111호 (면목동)",면목동,,면목본동,,57.57,
카페분씨,"서울특별시 중랑구 상봉로 7, 서일타운 1층 111호 (면목동)",면목동,,면목본동,,57.57,
분씨,"서울특별시 중랑구 상봉로 7, 서일타운 1층 111호 (면목동)",면목동,,면목본동,,57.57,
카페분씨,"서울특별시 중랑구 상봉로 7, 서일타운 1층 111호 (면목동)",면목동,,면목본동,,57.57,
분씨,"서울특별시 중랑구 상봉로 7, 서일타운 1층 111호 (면목동)",면목동,,면목본동,,57.57,
카페분씨,"서울특별시 중랑구 상봉로 7, 서일타운 1층 111호 (면목동)",면목동,,면목본동,,57.57,
삼익커피,"서울특별시 중구 남대문시장8길 7, 6층 1,2,4,5,6,7,8,10,11,60,61호 (남창동)",남창동,,회현동,,62.46,
샐러드조이,"서울특별시 노원구 초안산로2라길 31, 2층 (월계동)",월계동,,월계2동,,,3.3
셀러카페,"서울특별시 강남구 압구정로30길 75, 수정빌딩 지상1층 (신사동)",신사동,,신사동,,90.47,
(주)피스북스,"서울특별시 성동구 독서당로 216, 4층 (옥수동)",옥수동,,옥수동,,,
피엔투에프앤아이(PN2F&I),"서울특별시 종로구 평창문화로 29, 오피스텔 천지인 1층 (평창동)",평창동,,평창동,,90.0,
카페수다,"서울특별시 강동구 성안로 109, 1층 102호 (성내동, 현대아 파트)",성내동,,성내제1동,,54.68,
브루다숙명여대,"서울특별시 용산구 청파로47길 82, 1층 (청파동2가)",청파동2가,19.8,청파동,0.0,11.8,0.0
카페인중독 금천점,"서울특별시 금천구 시흥대로92길 24, 101호 (독산동)",독산동,26.0,독산제2동,0.0,0.0,0.0
공감,"서울특별시 동작구 여의대방로22아길 54, 1층 101호 (신대방동)",신대방동,,신대방제2동,,25.67,
카페펠릭스,"서울특별시 서초구 방배로27길 8, 더플레이스 1층 (방배동)",방배동,,방배제4동,,143.6,
19티,"서울특별시 광진구 광나루로 370, 1층 101호 (화양동, 화양동 동도센트리움 캠퍼스파크)",화양동,,화양동,,,
더커피랩(THE COFFEE LAB),"서울특별시 강남구 압구정로 124, 지상1층 (신사동)",신사동,,신사동,,23.1,
언유절(unusual),"서울특별시 영등포구 당산로36길 12, 상가201동 1층 104호 (당산동4가, 당산2차삼성아파트)",당산동4가,,당산제2동,,,
네가있어고마워,"서울특별시 영등포구 양평로28길 33, 1층 101호 (양평동6가, 아트리버빌)",양평동6가,,양평제2동,,,
커피베이가양더리브점,"서울특별시 강서구 양천로 400-12, 더리브골드타워 2층 207-1호 (가양동)",가양동,,가양제1동,,,
커피쿡 마곡엘지점,"서울특별시 강서구 마곡중앙6로 45, 리더스퀘어마곡 1층 108호 (마곡동)",마곡동,,가양제1동,,,
카페 서리풀,"서울특별시 서초구 반포대로28길 39, 1층 101호 (서초동)",서초동,,서초제2동,,39.0,
메가커피신대방삼거리역점,"서울특별시 동작구 보라매로 113, 코스모빌딩 104호 (대방동)",대방동,,대방동,,59.53,
쵸비 하우스,"서울특별시 송파구 백제고분로34길 5, 1층 101호의 일부호 (석촌동, 석촌코아빌)",석촌동,,석촌동,28.0,,
윤디,"서울특별시 송파구 백제고분로34길 5, 1층 101호의 일부호 (석촌동, 석촌코아빌)",석촌동,,석촌동,28.0,,
쵸비 하우스,"서울특별시 송파구 백제고분로34길 5, 1층 101호의 일부호 (석촌동, 석촌코아빌)",석촌동,,석촌동,28.0,,
윤디,"서울특별시 송파구 백제고분로34길 5, 1층 101호의 일부호 (석촌동, 석촌코아빌)",석촌동,,석촌동,28.0,,
봄날,"서울특별시 강서구 양천로 400-12, 더리브골드타워 1층 114호 (가양동)",가양동,,가양제1동,,,
투썸플레이스 장안동사거리점,"서울특별시 동대문구 답십리로 273, 한양빌딩 1층 (장안동)",장안동,,장안제2동,,207.9,
투썸플레이스 장안동사거리점,"서울특별시 동대문구 답십리로 273, 한양빌딩 1층 (장안동)",장안동,,장안제2동,,207.9,
까페 뉴,"서울특별시 강동구 상암로4길 43, 1층 (암사동)",암사동,,암사제2동,,18.0,
따숨카페,"서울특별시 금천구 시흥대로39길 11, 1층 105호 (시흥동)",시흥동,,시흥제1동,,,
"오늘도,카페일리터 구로점","서울특별시 구로구 디지털로31길 41, 이앤씨벤처드림타워6차 1층 108호 (구로동)",구로동,,구로제3동,,39.0,
온나커피(ONNA coffee),"서울특별시 강남구 논현로136길 14, 지상1층 (논현동)",논현동,,논현1동,,101.93,
카페 문,"서울특별시 강서구 강서로 295, 의)성삼의료재단미즈메디병원 본관2층 (내발산동)",내발산동,,발산제1동,,,
올모스트홈카페 을지로,"서울특별시 중구 창경궁로5길 8, 1층 (산림동)",산림동,,을지로동,,42.1,
올모스트홈카페 을지로,"서울특별시 중구 창경궁로5길 8, 1층 (산림동)",산림동,,을지로동,,42.1,
스터디카페위드,"서울특별시 성동구 왕십리로8길 4, 2층 (성수동1가)",성수동1가,,성수1가제1동,,,
에그마카슈 성수,"서울특별시 성동구 상원6나길 14, 1층 101호 (성수동1가)",성수동1가,,성수1가제1동,,,
카페인중독 노원점,"서울특별시 노원구 공릉로58길 126, 1층 좌측호(102호) (하계동)",하계동,,하계1동,,,
페이버(FAVOR),"서울특별시 성동구 연무장길 41-22, 1층 101호 (성수동2가)",성수동2가,,성수2가제1동,,,
날웃게해,"서울특별시 강남구 논현로119길 17-4, 지하1층 B101호 (논현동)",논현동,80.0,논현1동,0.0,80.0,0.0
커피니 신설점,"서울특별시 동대문구 왕산로 21, 민족통일대통령빌딩 1층 101-2호 (신설동)",신설동,,용신동,,21.63,
커피니 신설점,"서울특별시 동대문구 왕산로 21, 민족통일대통령빌딩 1층 101-2호 (신설동)",신설동,,용신동,,21.63,
빽다방 창동역점,"서울특별시 도봉구 마들로11길 57, EQ빌딩 102호 (창동)",창동,,창제4동,,,
유제니(Eugenie),"서울특별시 송파구 바람드리5길 13, 1층 103호 (풍납동)",풍납동,,풍납1동,29.2,,
테이크커피 우면점,"서울특별시 서초구 성촌1길 26, 삼성프라자 1 1층 101,102호 (우면동)",우면동,,양재제1동,,66.31,
커피스테이션(COFFEE STATION),"서울특별시 영등포구 경인로 775, 에이스하이테크시티 지하1층 181호 (문래동3가)",문래동3가,,문래동,,,
카페 별미당,"서울특별시 성동구 금호로 84, 1층 (금호동1가)",금호동1가,,금호1가동,,,
나비카페,"서울특별시 강서구 강서로 439, 벨리오 1층 103호 (마곡동)",마곡동,,가양제1동,,,
아모르파티,"서울특별시 강동구 천중로40길 55, (길동)",길동,,길동,,26.0,
팔공티군자역점,"서울특별시 광진구 능동로 288, 1층 (능동)",능동,,능동,,,
더 스테이션,"서울특별시 송파구 새말로15길 19, 본엘 (BoNL) 1,2층 (문정동, 본엘 (BoNL))",문정동,,문정2동,131.38,,
더 스테이션,"서울특별시 송파구 새말로15길 19, 본엘 (BoNL) 1,2층 (문정동, 본엘 (BoNL))",문정동,,문정2동,131.38,,
하우롱,"서울특별시 송파구 동남로18길 4, 1층 102호 (가락동)",가락동,27.63,가락본동,27.63,0.0,0.0
하우롱,"서울특별시 송파구 동남로18길 4, 1층 102호 (가락동)",가락동,,가락본동,37.95,,
리드커피스탠드(REED COFFEE STAND),"서울특별시 강남구 선릉로112길 21, 1층 (삼성동)",삼성동,,삼성1동,,,
(주)보나비 아티제 신라성우빌딩점,"서울특별시 중구 장충단로8길 28, 지층 (장충동1가)",장충동1가,,장충동,,25.8,
(주)보나비 아티제 신라성우빌딩점,"서울특별시 중구 장충단로8길 28, 지층 (장충동1가)",장충동1가,,장충동,,25.8,
써니랜드,"서울특별시 강남구 테헤란로51길 46-12, 1층 (역삼동)",역삼동,,역삼1동,,,
오슬로우커피에이스하이테크시티점,"서울특별시 영등포구 경인로 775, 에이스하이테크시티 1층 1-106호 (문래동3가)",문래동3가,,문래동,,,
해와롱카페,"서울특별시 양천구 오목로13길 3, 1층 (신월동)",신월동,,신월2동,,30.0,
커피쿡 수유점,"서울특별시 강북구 한천로 1046-1, 1층 (수유동)",수유동,,수유3동,,60.0,
커피쿡 수유점,"서울특별시 강북구 한천로 1046-1, 1층 (수유동)",수유동,,수유제3동,,60.0,
문득그가게,"서울특별시 노원구 동일로186길 46, 1층 (공릉동)",공릉동,,공릉1동,,,3.3
타입씨(type C),"서울특별시 광진구 동일로 26, 1~2층 (자양동)",자양동,,자양제1동,,,
씨포컬러스(c for colors),"서울특별시 광진구 동일로 26, 1~2층 (자양동)",자양동,,자양제1동,,,
매머드 익스프레스 문정역,"서울특별시 송파구 법원로 114, 엠스테이트 E동 지하1층 E-B169호 (문정동)",문정동,,문정1동,47.79,,
카페더스타,"서울특별시 동대문구 왕산로 274, 1층 (전농동)",전농동,,전농제1동,,34.86,
예맛당,"서울특별시 양천구 목동중앙북로8길 138, 1층 101호 (목동, 우월시티빌라)",목동,,목2동,,27.24,
팔공티 위례신도시점,"서울특별시 송파구 위례광장로 120, 상가동 1층 105호 (장지동, 위례중앙푸르지오1단지)",장지동,,문정2동,47.11,,
카페코지숙명여대점,"서울특별시 용산구 청파로47길 26, 1층 (청파동2가)",청파동2가,,청파동,,,
카페코지숙명여대점,"서울특별시 용산구 청파로47길 26, 1층 (청파동2가)",청파동2가,,청파동,,,
레스티오 도서관점,"서울특별시 광진구 능동로 120, 건국대학교 상허기념도서관 3층 (화양동)",화양동,,화양동,,,
레스티오 도서관점,"서울특별시 광진구 능동로 120, 건국대학교 상허기념도서관 3층 (화양동)",화양동,,화양동,,,
레스티오 도서관점,"서울특별시 광진구 능동로 120, 건국대학교 상허기념도서관 3층 (화양동)",화양동,,화양동,,,
브리즈(Breeze),"서울특별시 성동구 성수일로 44-1, 1층 (성수동2가)",성수동2가,16.68,성수2가제1동,0.0,0.0,0.0
카페드렌(cafe' de Reine),"서울특별시 강서구 강서로45길 49-10, 102호 (내발산동)",내발산동,16.5,발산제1동,0.0,0.0,0.0
셀렉토 서초방배점,"서울특별시 서초구 동광로 22, 1층 101호 (방배동)",방배동,,방배제3동,,30.77,
뭉치치카페 서초방배점,"서울특별시 서초구 동광로 22, 1층 101호 (방배동)",방배동,,방배제3동,,30.77,
셀렉토 서초방배점,"서울특별시 서초구 동광로 22, 1층 101호 (방배동)",방배동,,방배제3동,,30.77,
뭉치치카페 서초방배점,"서울특별시 서초구 동광로 22, 1층 101호 (방배동)",방배동,,방배제3동,,30.77,
카페 오아시스,"서울특별시 중구 다산로 240, 동원빌딩 농협 1층 107호 (신당동)",신당동,,신당동,,33.16,
꿀스커피 대치점,"서울특별시 강남구 선릉로62길 32-2, 대아빌딩 지상1층 (대치동)",대치동,,대치1동,,11.16,
아이(i)카페,"서울특별시 서대문구 신촌로37길 9, 1층 (북아현동)",북아현동,,북아현동,,,5.27
블랙오레츄러스카페,"서울특별시 송파구 올림픽로 240, 롯데월드 어드벤처  1층 (잠실동)",잠실동,,잠실본동,26.7,,
커피베이신길역점,"서울특별시 영등포구 영등포로 358, 대윤메디컬센터 1층 102호 (신길동)",신길동,,영등포본동,69.2,,
날웃게해,"서울특별시 강남구 논현로119길 17-4, 지상1층 101호 (논현동)",논현동,80.0,논현1동,0.0,80.0,0.0
1리터 커피공방,"서울특별시 강남구 테헤란로 322, 한신인터밸리24빌딩 지하2층 제비158호 (역삼동)",역삼동,,역삼1동,,,
컴포즈커피중곡점,"서울특별시 광진구 면목로 169, 1층 (중곡동)",중곡동,,중곡제3동,,,
카페딕셔너리,"서울특별시 광진구 능동로 209, 세종대학교 광개토관 지하1층 (군자동)",군자동,,군자동,,,
카페딕셔너리,"서울특별시 광진구 능동로 209, 세종대학교 광개토관 지하1층 (군자동)",군자동,,군자동,,,
에그에그,"서울특별시 광진구 능동로 25-1, 지하1,지상1층 (자양동)",자양동,,자양제4동,,,
포지티브,"서울특별시 용산구 회나무로13가길 45-14, 1층 (이태원동)",이태원동,,이태원제2동,,,2.47
빽다방 상왕십리역점,"서울특별시 성동구 왕십리로 363-1, 1층 (하왕십리동)",하왕십리동,,왕십리제2동,,,
5&커피(coffee),"서울특별시 중구 마른내로 157, 1층 (광희동1가)",광희동1가,,광희동,,8.0,
스타벅스 월계역점,"서울특별시 노원구 초안산로2라길 26, 월계센트럴아이파크 상가 1층 104,105,106호 (월계동)",월계동,,월계2동,,,
에그드랍보라매점,"서울특별시 동작구 보라매로5가길 7, 108호층 (신대방동, 캐릭터 그린빌)",신대방동,,신대방제2동,,41.31,
매머드 익스프레스 제일kcc점,"서울특별시 서초구 주흥길 3, 1층 104호 (반포동)",반포동,,반포제1동,,53.75,
메가엠지씨커피 광운대역점,"서울특별시 노원구 석계로 103, 동우빌딩 1층 일부  (월계동)",월계동,,월계1동,,,
더 쉼,"서울특별시 송파구 법원로9길 26, 에이치비지니스파크 C동 102호 (문정동)",문정동,,문정1동,40.65,,
토프레소 정릉점,"서울특별시 성북구 보국문로 83, 1층 (정릉동)",정릉동,,정릉제4동,,,
카페하임,"서울특별시 서초구 마방로6길 37, 1층 (양재동)",양재동,,양재제2동,,19.8,
하임카페,"서울특별시 서초구 마방로6길 37, 1층 (양재동)",양재동,,양재제2동,,19.8,
카페하임,"서울특별시 서초구 마방로6길 37, 1층 (양재동)",양재동,,양재제2동,,19.8,
하임카페,"서울특별시 서초구 마방로6길 37, 1층 (양재동)",양재동,,양재제2동,,19.8,
프레시가든(드립온37.2),"서울특별시 송파구 양재대로66길 32, 1층 103호 (가락동)",가락동,,가락1동,33.0,,
파머스빈 염창점,"서울특별시 강서구 공항대로 583, 1층 8호 (염창동, e편한세상)",염창동,,염창동,,,
파머스빈 염창점,"서울특별시 강서구 공항대로 583, 1층 8호 (염창동, e편한세상)",염창동,,염창동,,,
카페울림(cafe ul-lim),"서울특별시 양천구 월정로 43, 1층 (신월동)",신월동,,신월4동,,30.38,
지향디저트,"서울특별시 강동구 양재대로98길 52, 102호 (둔촌동)",둔촌동,,둔촌제2동,,25.0,
펫스츄,"서울특별시 강동구 양재대로98길 52, 102호 (둔촌동)",둔촌동,,둔촌제2동,,25.0,
지향디저트,"서울특별시 강동구 양재대로98길 52, 102호 (둔촌동)",둔촌동,,둔촌제2동,,25.0,
펫스츄,"서울특별시 강동구 양재대로98길 52, 102호 (둔촌동)",둔촌동,,둔촌제2동,,25.0,
공차 롯데미아점,"서울특별시 강북구 도봉로 62, 롯데백화점 미아점 지하2층 (미아동)",미아동,,송중동,,,
PUELLA CAFE/푸엘라 카페,"서울특별시 서초구 강남대로93길 6, 1층 (잠원동)",잠원동,,잠원동,,76.0,
BAB(비앤비),"서울특별시 송파구 올림픽로30길 9, 엘루이시티 108호 (방이동)",방이동,22.81,방이1동,0.0,0.0,0.0
BAB(비앤비),"서울특별시 송파구 올림픽로30길 9, 엘루이시티 108호 (방이동)",방이동,,방이1동,32.71,,
파머스빈,"서울특별시 강남구 논현로87길 41, 지상1층 104-1호 (역삼동)",역삼동,,역삼1동,,33.93,
카페숲,"서울특별시 동대문구 이문로 136, 1층 1F-6호 (이문동, 이문동 웰츠타워)",이문동,,이문제2동,,15.0,
에스로우(S'LOW)성수,"서울특별시 성동구 성수이로 96, 1층 (성수동2가)",성수동2가,,성수2가제1동,,,
에스로우(S'LOW)성수,"서울특별시 성동구 성수이로 96, 1층 (성수동2가)",성수동2가,,성수2가제1동,,,
서울시청 카페테리아 마루,"서울특별시 중구 서소문로 124, 20층 (서소문동)",서소문동,,소공동,,397.14,
서울시청 카페테리아 마루,"서울특별시 중구 서소문로 124, 20층 (서소문동)",서소문동,,소공동,,397.14,
서울시청 카페테리아 마루,"서울특별시 중구 서소문로 124, 20층 (서소문동)",서소문동,,소공동,,397.14,
윌라라커피 서초점,"서울특별시 서초구 효령로72길 57, 지하1층 D-B101호 (서초동, 서초트라팰리스)",서초동,,서초제2동,,43.57,
윌라라커피 서초점,"서울특별시 서초구 효령로72길 57, 지하1층 D-B101호 (서초동, 서초트라팰리스)",서초동,,서초제2동,,43.57,
달리는커피 강남논현점,"서울특별시 강남구 학동로20길 67, 지상1층 (논현동)",논현동,,논현1동,,35.0,
(주)한스케익 잠실새내점,"서울특별시 송파구 올림픽로 124, 환산빌딩 1층 (잠실동)",잠실동,,잠실본동,46.0,,
카페루앤비 마곡수명점,"서울특별시 강서구 수명로 31, 하버드아카데미 1층 103호 (내발산동)",내발산동,,발산제1동,,,
카페인중독 전농점,"서울특별시 동대문구 전농로 207, 1층 (전농동)",전농동,,전농제1동,,16.5,
카페나인,"서울특별시 강서구 수명로 78, 새롬프라자 9층 901호(일부),902호 (내발산동)",내발산동,,발산제1동,,,
카페나인,"서울특별시 강서구 수명로 78, 새롬프라자 9층 901호(일부),902호 (내발산동)",내발산동,,발산제1동,,,
BGM(비지엠),"서울특별시 서초구 청두곶3길 22, 1층 (방배동)",방배동,,방배제3동,,39.29,
디멘션,"서울특별시 강남구 헌릉로571길 13, 센트라빌 지상1층 102호 (세곡동)",세곡동,,세곡동,,29.82,
마을카페,"서울특별시 중랑구 겸재로61길 40, 망우3동 주민센터 1층 (망우동)",망우동,,망우제3동,,17.0,
매머드익스프레스 남부터미널점,"서울특별시 서초구 효령로53길 18, 석탑오피스텔 1층 114호 (서초동)",서초동,,서초제2동,,15.91,
상상나루래 카페,"서울특별시 강동구 올림픽로98가길 28, 1층 (암사동)",암사동,,암사제1동,,82.31,
상상나루래 카페,"서울특별시 강동구 올림픽로98가길 28, 1층 (암사동)",암사동,,암사제1동,,82.31,
빽다방선유도역점,"서울특별시 영등포구 양평로 120, 1층 (양평동4가)",양평동4가,,양평제2동,,,
업커피,"서울특별시 강동구 올림픽로91길 21, 104호 (천호동)",천호동,,천호제2동,,22.0,
이디야 공진초점,"서울특별시 강서구 마곡중앙1로 26, 마곡엠리체 101,102호 (마곡동)",마곡동,,발산제1동,,,
행복당 신당점,"서울특별시 중구 퇴계로 407, (흥인동)",흥인동,,신당동,,29.01,
"카페,달레트","서울특별시 영등포구 선유서로 76, 신동아아파트 1층 112호 (양평동1가)",양평동1가,,양평제1동,,,
"카페,달레트","서울특별시 영등포구 선유서로 76, 신동아아파트 1층 112호 (양평동1가)",양평동1가,,양평제1동,,,
메가엠지씨커피 목동사거리점,"서울특별시 강서구 곰달래로 272, 1층 102호 (화곡동)",화곡동,,화곡제4동,,,
메가엠지씨커피 목동사거리점,"서울특별시 강서구 곰달래로 272, 1층 102호 (화곡동)",화곡동,,화곡제4동,,,
요거트맨 강남구청점,"서울특별시 강남구 선릉로130길 56, 지상1층 4호 (삼성동)",삼성동,17.44,삼성1동,0.0,17.44,0.0
요거트맨 강남구청점,"서울특별시 강남구 선릉로130길 56, 지상1층 4호 (삼성동)",삼성동,,삼성1동,,27.44,
큰수커피,"서울특별시 송파구 양재대로 1239, 한국체육대학교 체육과학관 1층 (방이동)",방이동,,방이1동,35.81,,
별이빛나는,"서울특별시 관악구 양녕로1길 32, 1층 (봉천동)",봉천동,,은천동,,,
별이빛나는,"서울특별시 관악구 양녕로1길 32, 1층 (봉천동)",봉천동,,은천동,,,
모자이크(MOSAIC),"서울특별시 중구 다산로31길 64, 1층 (신당동)",신당동,,신당동,,13.2,
와이퍼구의점,"서울특별시 광진구 아차산로 450, 구의동 근린생활시설 1층 (구의동)",구의동,,구의제3동,,,
스타벅스 마곡역점,"서울특별시 강서구 공항대로 168, 1층 101~104호 (마곡동)",마곡동,,발산제1동,,,
아방스커피,"서울특별시 강남구 학동로101길 26, 청담 삼익상가 지상1층 112호 (청담동)",청담동,,청담동,,22.97,
